https://product.kyobobook.co.kr/detail/S000213800371,당신이 누군가를 죽였다.
https://product.kyobobook.co.kr/detail/S000213567877,동경
https://product.kyobobook.co.kr/detail/S000213682152,온전히 평등하고 지극히 차별적인
https://product.kyobobook.co.kr/detail/S000213900198,쌤쌤 쿡북
https://product.kyobobook.co.kr/detail/S000213848131,저속노화 식사법
https://product.kyobobook.co.kr/detail/S000213133026,하나님, 그래서 그러셨군요!
https://product.kyobobook.co.kr/detail/S000213740560,전지적 루이 & 후이 시점
https://product.kyobobook.co.kr/detail/S000213368065,THE MONEY BOOK(더 머니북)
https://product.kyobobook.co.kr/detail/S000213495686,나만의 GPTs 앱으로 생산성 10배 늘리기
https://product.kyobobook.co.kr/detail/S000212058462,디스 이즈 도쿄(2024~2025)
https://product.kyobobook.co.kr/detail/S000213513428,부모의 어휘력
https://product.kyobobook.co.kr/detail/S000213641159,마녀와의 7일
https://product.kyobobook.co.kr/detail/S000213641247,탕비실
https://product.kyobobook.co.kr/detail/S000213835380,역사의 쓸모
https://product.kyobobook.co.kr/detail/S000213690458,무서운 그림들
https://product.kyobobook.co.kr/detail/S000213674078,디자이너의 유학
https://product.kyobobook.co.kr/detail/S000213719520,출근길 지하철
